title,released year,duration,rating,story line,watch on,watch link
Ramayana: The Legend of Prince Rama,1993,1h 37m,9.2,"An anime adaptation of the Hindu epic the Ramayana, where Lord Ram combats the wicked king Ravana.",N/A,N/A
Rocketry: The Nambi Effect,2022,2h 37m,8.8,"Based on the life of Indian Space Research Organization scientist Nambi Narayanan, who was framed for being a spy and arrested in 1994. Though free, he continues to fight for justice against the officials who falsely implicated him.",Prime Video,https://www.primevideo.com/detail/amzn1.dv.gti.1fdecee8-fda8-4bbc-827b-8c869929c71c
Nayakan,1987,2h 25m,8.6,"A common man's struggles against a corrupt police force put him on the wrong side of the law. He becomes a don, who is loved and respected by many, but his growing power and influence exact a heavy toll.",Prime Video,https://www.primevideo.com/detail/amzn1.dv.gti.62b4278d-80cb-dfb5-a6cb-4773e87c1523
Gol Maal,1979,2h,8.5,A man's simple lie to secure his job escalates into more complex lies when his orthodox boss gets suspicious.,Prime Video,https://www.primevideo.com/detail/amzn1.dv.gti.acb9d1a4-20a2-004d-1856-0f77adc7afb2
777 Charlie,2022,2h 44m,8.9,Dharma is stuck in a rut with his negative and lonely lifestyle and spends each day in the comfort of his loneliness. A pup named Charlie enters his life and gives him a new perspective towards it.,Voot,https://www.voot.com/
Anbe Sivam,2003,2h 40m,8.6,"Two men, one young and arrogant, the other damaged - physically but not spiritually - by life, are thrown together by circumstances, and find that they are in some ways bound together by fate.",Prime Video,https://www.primevideo.com/detail/amzn1.dv.gti.44b40bf9-5733-cbef-49dd-cad4df04c537
Jai Bhim,2021,2h 44m,8.8,"When a tribal man is arrested for a case of alleged theft, his wife turns to a human-rights lawyer to help bring justice.",Prime Video,https://www.primevideo.com/detail/amzn1.dv.gti.460ca3e8-c2a4-4027-8600-69364b086651
Pariyerum Perumal,2018,2h 34m,8.7,"A law student from a lower caste begins a friendship with his classmate, a girl who belongs to a higher caste, and the men in her family start giving him trouble over this.",Prime Video,https://www.primevideo.com/detail/amzn1.dv.gti.a4b36956-d5a4-dd46-e187-318cad35e135
3 Idiots,2009,2h 50m,8.4,"Two friends are searching for their long lost companion. They revisit their college days and recall the memories of their friend who inspired them to think differently, even as the rest of the world called them ""idiots"".",Prime Video,https://www.primevideo.com/detail/amzn1.dv.gti.6ab5ef5d-dd32-c5ab-3a8f-0aff6123c065
Manichithrathazhu,1993,2h 49m,8.8,"When a forbidden room in an old bungalow is unbolted, the spirit of a vengeful dancer is unleashed.",Prime Video,https://www.primevideo.com/detail/amzn1.dv.gti.eab7aea5-ebbc-f3db-a15f-e821f08c5291
#Home,2021,2h 38m,8.8,"Oliver Twist (Indrans) wants to be tech-savvy and become a better companion to his two sons, who spend more time on their phones than with their loved ones.",Prime Video,https://www.primevideo.com/detail/amzn1.dv.gti.6c676339-d720-4977-bac3-90ef577b40de
Soorarai Pottru,2020,2h 33m,8.7,"Nedumaaran Rajangam ""Maara"" sets out to make the common man fly and in the process takes on the world's most capital intensive industry and several enemies who stand in his way.",Prime Video,https://www.primevideo.com/detail/amzn1.dv.gti.d0ba92e3-aa61-50c2-f90e-4f8cc38b7635
Black Friday,2004,2h 23m,8.4,"A film about the investigations following the 1993 serial Bombay bomb blasts, told through the different stories of the people involved --police, conspirators, victims, middlemen.",Hotstar,https://www.hotstar.com/
Kumbalangi Nights,2019,2h 15m,8.5,"The film revolves around four brothers who share a love-hate relationship with each other. Their relationship progresses to another level when Saji, Boney, and Franky decide to help Bobby stand by his love.",Prime Video,https://www.primevideo.com/detail/amzn1.dv.gti.24b7b697-f43e-883a-9177-bccefb36bb08
C/o Kancharapalem,2018,2h 32m,8.8,Four unconventional love stories set in the town and including the people of Kancherapalem.,Prime Video,https://www.primevideo.com/detail/amzn1.dv.gti.a0bab610-e95e-1413-4be0-50536a5e675e
Like Stars on Earth,2007,2h 45m,8.3,"An eight-year-old boy is thought to be a lazy trouble-maker, until the new art teacher has the patience and compassion to discover the real problem behind his struggles in school.",Netflix,https://www.netflix.com/watch/70087087?source=imdb
Kireedam,1989,2h 4m,8.9,The life of a young man turns upside down when he intervenes in a dispute in order to rescue his father (a cop) from a ruthless local outlaw.,Prime Video,https://www.primevideo.com/detail/amzn1.dv.gti.b2b87287-2af8-2252-b45a-8387afca4718
Dangal,2016,2h 41m,8.3,Former wrestler Mahavir Singh Phogat and his two wrestler daughters struggle towards glory at the Commonwealth Games in the face of societal oppression.,N/A,N/A
Kaithi,2019,2h 25m,8.5,"Dilli, an ex-convict, endeavours to meet his daughter for the first time after leaving prison. However, his attempts are interrupted due to a drug raid planned by Inspector Bejoy.",Hotstar,https://www.hotstar.com/
Jersey,2019,2h 37m,8.5,A failed cricketer decides to revive his cricketing career in his late 30's despite everyone being skeptical of his ability to do so.,Hotstar,https://www.hotstar.com/
96,2018,2h 38m,8.5,Two high school sweethearts meet at a reunion after 22 years and reminisce about their past.,MX Player,https://www.mxplayer.in/
Mayabazar,1957,3h 12m,9.1,"Balarama promises Subhadra to get his daughter married to her son. But when the Pandavas loses their kingdom to the Kaurava's, Balarama breaks his promise.",Prime Video,https://www.primevideo.com/detail/amzn1.dv.gti.86b40aca-90b4-0397-d991-c9ee9dd051dd
Natsamrat,2016,2h 46m,8.8,"After he retires, an aging theatre actor and his wife begin to feel unwanted by their children.",Prime Video,https://www.primevideo.com/detail/amzn1.dv.gti.0eb85720-4d82-aab9-a281-7ed34bf3d436
Drishyam 2,2021,2h 32m,8.4,A gripping tale of an investigation and a family which is threatened by it. Will Georgekutty be able to protect his family this time?,Prime Video,https://www.primevideo.com/detail/amzn1.dv.gti.aebb7893-1821-00f4-3077-1e538e6f5278
Asuran,2019,2h 21m,8.4,"The teenage son of a farmer from an underprivileged caste kills a rich, upper caste landlord. Will the farmer, a loving father and a pacifist by heart, be able to save his hot-blooded son is the rest of the story.",Prime Video,https://www.primevideo.com/detail/amzn1.dv.gti.28b6fe40-2d4e-4b01-d602-f9abb11a6938
Sita Ramam,2022,2h 43m,8.6,"An orphan soldier, Lieutenant Ram's life changes, after he gets a letter from a girl named Sita. He meets her and love blossoms between them. When he comes back to his camp in Kashmir,After he gets caught in jail, he sends a letter to Sita which won't reach her.",Prime Video,https://www.primevideo.com/detail/amzn1.dv.gti.0f68d95c-fc37-4a3a-b08a-f567c022a2d8
Thevar Magan,1992,2h 25m,8.7,The urbane son of a village chieftain struggles between his personal aspirations and those of his family.,N/A,N/A
Visaaranai,2015,1h 57m,8.5,Four labourers are tortured by the police to confess to a theft they have not committed.,Netflix,https://www.netflix.com/watch/80149139?source=imdb
Sarpatta Parambarai,2021,2h 53m,8.5,"When Sarpatta Parambarai is challenged to a do-or-die match, will Kabilan, a young labourer, put on the gloves himself and lead his clan to victory, or be dissuaded by his disapproving mother and dangerous politics?",Prime Video,https://www.primevideo.com/detail/amzn1.dv.gti.ea0da1a3-1ee6-4f84-968b-f0aa5ee37c6f
Thalapathi,1991,2h 37m,8.5,An orphan named Surya raised in a slum befriends a good crime boss named Devaraj and works for him. Their existence is threatened when a new honest district collector arrives.,Prime Video,https://www.primevideo.com/detail/amzn1.dv.gti.06b4c449-a4d2-9584-bcb8-c2e2da899ab9
Pather Panchali,1955,2h 5m,8.3,"Impoverished priest Harihar Ray, dreaming of a better life for himself and his family, leaves his rural Bengal village in search of work.",Prime Video,https://www.primevideo.com/detail/amzn1.dv.gti.4915528e-b542-4800-abe9-d6d4c6ffe262
Nadodikkattu,1987,2h 38m,8.8,"After losing their jobs in Kerala, Dasan and Vijayan decide to migrate to the Middle East. But they end up in Tamil Nadu where they are mistaken as two CID officers by a group of smugglers.",N/A,N/A
Drishyam,2013,2h 40m,8.3,A man goes to extreme lengths to save his family from punishment after the family commits an accidental crime.,Hotstar,https://www.hotstar.com/
Jaane Bhi Do Yaaro,1983,2h 12m,8.3,"Two friends, attempting to start-up their own photo studio, come across shady dealings, corruption and murder, and must fight to bring the guilty to light.",N/A,N/A
Thani Oruvan,2015,2h 40m,8.4,"Siddharth Abimanyu, an influential scientist, is involved in various illegal medical practices. Mithran, an efficient IPS officer, decides to expose him.",MX Player,https://www.mxplayer.in/
Sardar Udham,2021,2h 44m,8.4,A biopic detailing the 2 decades that Punjabi Sikh revolutionary Udham Singh spent planning the assassination of the man responsible for the Jallianwala Bagh massacre.,Prime Video,https://www.primevideo.com/detail/amzn1.dv.gti.29a29dc8-848a-475b-8eea-c0f3d2cd9247
Aparajito,1956,1h 50m,8.3,"Following his father's death, a boy leaves home to study in Calcutta, while his mother must face a life alone.",Prime Video,https://www.primevideo.com/detail/amzn1.dv.gti.306cf44a-f3c0-4436-80ea-355024a9d5e6
Vada Chennai,2018,2h 44m,8.4,A young carrom player in north Chennai becomes a reluctant participant in a war between two warring gangsters.,Hotstar,https://www.hotstar.com/
Khosla Ka Ghosla!,2006,2h 15m,8.3,A Delhi-based retired middle-class man tries half-heartedly to get his land back from a swindling property dealer with the help of his sons and their friends.,Hotstar,https://www.hotstar.com/
Anniyan,2005,3h 1m,8.3,"Ramanujam, who suffers from multiple personality disorder, works as a lawyer by day and a vigilante at night. He uses tips from the 'Garuda Purana' as his tools to expose various antisocial elements.",SunNxt,https://www.sunnxt.com/
Raatchasan,2018,2h 50m,8.3,A sub-inspector sets out in pursuit of a mysterious serial killer who targets teen school girls and murders them brutally.,Hotstar,https://www.hotstar.com/
Chupke Chupke,1975,2h 26m,8.3,A newly wedded husband plays a practical joke on his wife's family with full support from his wife and friends.,Prime Video,https://www.primevideo.com/detail/amzn1.dv.gti.c2b9e3c2-d226-5a28-2fbe-d9ad526bc953
Gangs of Wasseypur,2012,5h 21m,8.2,"A clash between Sultan and Shahid Khan leads to the expulsion of Khan from Wasseypur, and ignites a deadly blood feud spanning three generations.",Prime Video,https://www.primevideo.com/detail/amzn1.dv.gti.a6b58658-eeb3-e776-a625-eaf019d6cf70
Peranbu,2018,2h 27m,8.7,"A single father tries to raise his daughter, who has cerebral palsy, even as she is beginning to wake up to her sexuality.",Prime Video,https://www.primevideo.com/detail/amzn1.dv.gti.9eb48f5a-b40b-2137-540a-00ca07f7eef5
Drishyam,2015,2h 43m,8.2,"Desperate measures are taken by a man who tries to save his family from the dark side of the law, after they commit an unexpected crime.",Hotstar,https://www.hotstar.com/
Mahanati,2018,2h 57m,8.4,"Biography of Savitri, an actress from South India movie industry, who ruled the industry for two decades during 50s and 60s.",Prime Video,https://www.primevideo.com/detail/amzn1.dv.gti.a6b40dc4-d6a1-c298-f437-eb470b31e27a
Bangalore Days,2014,2h 51m,8.3,"A fun roller coaster ride about three young people, Aju, Divya and Kuttan who are cousins, reach Bangalore to dream, discover and explore.",Hotstar,https://www.hotstar.com/
Satya,1998,2h 50m,8.3,An innocent man is embroiled in underworld after being falsely charged and sets out to punish the perpetrators who subjected his life to misery.,MX Player,https://www.mxplayer.in/
Premam,2015,2h 36m,8.3,A young man has three opportunities to find love. Will the third time be the charm?,Hotstar,https://www.hotstar.com/
Agent Sai Srinivasa Athreya,2019,2h 28m,8.3,Agent Sai Srinivasa Athreya is an authentic humorous investigative thriller revolving around the adventures of a detective based out of Nellore.,Prime Video,https://www.primevideo.com/detail/amzn1.dv.gti.aea9d4cf-8aa8-4d93-b36d-3f925055d2b1
Devasuram,1993,3h 7m,8.7,"Neelakandan squanders away the inheritance left by his father. However, his life turns upside down when his mother reveals a terrible secret on her deathbed that changes the course of his life.",MX Player,https://www.mxplayer.in/
Super Deluxe,2019,2h 56m,8.3,"An unfaithful newly-wed wife, an estranged father, a priest and an angry son suddenly find themselves in the most unexpected predicaments, each poised to experience their destiny, all on one fateful day.",Netflix,https://www.netflix.com/watch/81128584?source=imdb
Bhaag Milkha Bhaag,2013,3h 6m,8.2,"The truth behind the ascension of Milkha Singh, who was scarred by of the India-Pakistan partition.",Hotstar,https://www.hotstar.com/
Tumbbad,2018,1h 44m,8.2,A mythological story about a goddess who created the entire universe. The plot revolves around the consequences when humans build a temple for her first-born.,Prime Video,https://www.primevideo.com/detail/amzn1.dv.gti.4cb3965f-e34d-3f49-a60c-acc2bc1f9065
Andhadhun,2018,2h 19m,8.2,"A series of mysterious events change the life of a blind pianist, who must now report a crime that he should technically know nothing of.",JioCinema,https://www.jiocinema.com/
Vikram Vedha,2017,2h 27m,8.2,"Vikram, a no-nonsense police officer, accompanied by Simon, his partner, is on the hunt to capture Vedha, a smuggler and a murderer. Vedha tries to change Vikram's life, which leads to a conflict.",Hotstar,https://www.hotstar.com/
Guide,1965,2h,8.4,"When mistaken to be a sage by some villagers, an ex-tour guide reflects on his past and lost love to search for spiritual wisdom to guide the villagers.",N/A,N/A
Chithram,1988,2h 39m,8.7,A woman hires a stranger to pose as her husband because she doesn't want her ailing father to know that her fiance broke their engagement.,Hotstar,https://www.hotstar.com/
Zindagi Na Milegi Dobara,2011,2h 35m,8.2,Three friends decide to turn their fantasy vacation into reality after one of their friends gets engaged.,Netflix,https://www.netflix.com/watch/70202336?source=imdb
Kannathil Muthamittal,2002,2h 16m,8.4,"A little girl is told by her parents that she is adopted. Determined to find her real mother, she begs to be taken to Sri Lanka, where her mother works with a militant group of activists.",Prime Video,https://www.primevideo.com/detail/amzn1.dv.gti.aab4279f-02e1-74a6-2116-41d79fdfc089
Vikram,2022,2h 55m,8.3,"A high-octane action film where a special investigator is assigned a case of serial Killings, he finds the case is not what it seems to be and leading down this path is only going to end in a war between everyone involved.",Hotstar,https://www.hotstar.com/
Sairat,2016,2h 54m,8.3,"In interior Maharashtra, a fisherman's son and a local politician's daughter fall in love against the restrictions of caste hierarchy.",N/A,N/A
Chhichhore,2019,2h 23m,8.3,"A tragic incident forces Anirudh, a middle-aged man, to take a trip down memory lane and reminisce his college days along with his friends, who were labelled as losers.",Hotstar,https://www.hotstar.com/
Shahid,2012,2h 9m,8.2,"The account of Human Rights lawyer Shahid Azmi, an ordinary citizen with an extraordinary commitment to justice.",N/A,N/A
Iruvar,1997,2h 20m,8.4,"A struggling actor and a writer-politician become friends as young men and rise to great heights in cinema and politics respectively. But when both become contenders for the top political post in the state, a rift develops between them.",Prime Video,https://www.primevideo.com/detail/amzn1.dv.gti.b2b4e537-08fe-5d18-01ac-d11fb612a477
Paan Singh Tomar,2012,2h 15m,8.2,"The story of Paan Singh Tomar, an Indian athlete and seven-time national steeplechase champion who becomes one of the most feared dacoits in Chambal Valley after his retirement.",Netflix,https://www.netflix.com/watch/70123126?source=imdb
Swades,2004,3h 9m,8.2,A successful Indian scientist returns to an Indian village to take his nanny to America with him and in the process rediscovers his roots.,Netflix,https://www.netflix.com/watch/70019491?source=imdb
Munna Bhai M.B.B.S.,2003,2h 36m,8.1,A gangster sets out to fulfill his father's dream of becoming a doctor.,Prime Video,https://www.primevideo.com/detail/amzn1.dv.gti.0eb620e0-09e4-053f-0dbe-9e498c8a1017
Spadikam,1995,2h 30m,8.6,A small-town criminal constantly clashes with his strict school headmaster father at the expense of their family lives.,See Showtimes,/showtimes/title/tt0292246/2023-02-15
Let's Go! India,2007,2h 33m,8.1,"Kabir Khan, the coach of the Indian Women's National Hockey Team, dreams of making his all-girls team emerge victorious against all odds.",Prime Video,https://www.primevideo.com/detail/amzn1.dv.gti.e6abea87-2da4-b85e-a655-8297823d5e44
Uri: The Surgical Strike,2019,2h 18m,8.2,"Indian army special forces execute a covert operation, avenging the killing of fellow army men at their base by a terrorist group.",N/A,N/A
Thirst,1957,2h 26m,8.3,A talented but indigent poet Vijay struggles for love and recognition in this selfish world.,Prime Video,https://www.primevideo.com/detail/amzn1.dv.gti.3ab3088a-b134-9d53-3c57-ea6e0b81dbe1
Mudhalvan,1999,2h 49m,8.4,"A man accepts a challenge to act as the Chief Minister of Tamil Nadu for one day only, and makes such a success of it that soon he is embroiled in political intrigue.",Voot,https://www.voot.com/
Black,2005,2h 2m,8.1,"The cathartic tale of a young woman who can't see, hear, or speak, and the teacher who brings a ray of light into her dark world.",N/A,N/A
Jo Jeeta Wohi Sikandar,1992,2h 54m,8.2,"A rich brat and a poor chap try to woo a girl, with their rivalry culminating in the most prestigious college event - the marathon cycle race.",N/A,N/A
Hera Pheri,2000,2h 36m,8.1,"Three unemployed men look for answers to all their money problems - but when their opportunity arrives, will they know what to do with it?",Prime Video,https://www.primevideo.com/detail/amzn1.dv.gti.ccb4bb1e-3252-0cbc-c0ac-f1dcc5ad0ff1
Drishyam 2,2022,2h 20m,8.3,A gripping tale of an investigation and a family which is threatened by it. Will Vijay Salgaonkar be able to protect his family this time?,Prime Video,https://www.primevideo.com/detail/amzn1.dv.gti.2a67b1bd-15a9-414c-97e9-8ccb8380eff4
Papanasam,2015,2h 59m,8.4,Desperate measures are taken by a man who tries to save his family from the dark side of the law after they commit an unexpected crime.,SunNxt,https://www.sunnxt.com/
Lagaan: Once Upon a Time in India,2001,3h 44m,8.1,The people of a small village in Victorian India stake their future on a game of cricket against their ruthless British rulers.,Netflix,https://www.netflix.com/watch/60020906?source=imdb
Pudhu Pettai,2006,2h 48m,8.5,"After running away from his home, Kumar falls in with a gang and slowly rises through the ranks of the criminal underworld.",Prime Video,https://www.primevideo.com/detail/amzn1.dv.gti.02b41659-92b7-e4d6-b677-afd5d98cdb40
Dhuruvangal Pathinaaru,2016,1h 45m,8.2,"A police officer retires after an accident during a case investigation. Years later, he is forced to relive the past as he narrates the story to his friend's son.",Hotstar,https://www.hotstar.com/
PK,2014,2h 33m,8.1,An alien on Earth loses the only device he can use to communicate with his spaceship. His innocent nature and child-like questions force the country to evaluate the impact of there religious views on there people.,Netflix,https://www.netflix.com/watch/70303496?source=imdb
Mandela,2021,2h 20m,8.4,A local barber's fate turns overnight when he becomes the single deciding vote in the village elections.,N/A,N/A
Queen,2013,2h 26m,8.1,A Delhi girl from a traditional family sets out on a solo honeymoon after her marriage gets cancelled.,Netflix,https://www.netflix.com/watch/80032081?source=imdb
Article 15,2019,2h 10m,8.1,"In the rural heartlands of India, an upright police officer sets out on a crusade against violent caste-based crimes and discrimination.",Netflix,https://www.netflix.com/watch/81154455?source=imdb
Talvar,2015,2h 12m,8.1,An experienced investigator confronts several conflicting theories about the perpetrators of a violent double homicide.,Hotstar,https://www.hotstar.com/
Soodhu Kavvum,2013,2h 15m,8.3,"Das, with his team, kidnap Arumai, son of a politician, who has been planning his own kidnapping to extract money from his father. Problems arise, when an insane cop is brought to handle the case.",MX Player,https://www.mxplayer.in/
OMG: Oh My God!,2012,2h 5m,8.1,A shopkeeper takes God to court when his shop is destroyed by an earthquake.,Netflix,https://www.netflix.com/watch/70258366?source=imdb
Sarfarosh,1999,2h 54m,8.1,"After his brother is killed and father severely injured by terrorists, a young med student quits his studies to join the Indian Police Service to wipe out the terrorists.",N/A,N/A
Sholay,1975,2h 42m,8.1,"After his family is murdered by a notorious and ruthless bandit, a former police officer enlists the services of two outlaws to capture the bandit.",Prime Video,https://www.primevideo.com/detail/amzn1.dv.gti.b0b65dfd-69d0-c459-39ef-bcea64280993
Udaan,2010,2h 14m,8.1,"Expelled from his school, a 16-year old boy returns home to his abusive and oppressive father.",Netflix,https://www.netflix.com/watch/70139542?source=imdb
Barfi!,2012,2h 31m,8.1,Three young people learn that love can neither be defined nor contained by society's definition of normal and abnormal.,Netflix,https://www.netflix.com/watch/70219525?source=imdb
Jigarthanda,2014,2h 51m,8.2,"An aspiring director targets a ruthless gangster because he wants to make a violent gangster film. His discreet attempts to research the gangster fail miserably. Finally when he gets caught snooping, things hit the fan.",Hotstar,https://www.hotstar.com/
The Legend of Bhagat Singh,2002,2h 35m,8.2,The story of a young revolutionary who raised an armed resistance against the British rule in India.,Prime Video,https://www.primevideo.com/detail/amzn1.dv.gti.9eb613d1-c8bc-557d-c959-38d7c65f1959
Kaakkaa Muttai,2014,1h 31m,8.3,Two slum kids yearn to taste a pizza after being enticed by the pizza shop that has opened near their locality. What happens when they manage to find the money to buy one?,Hotstar,https://www.hotstar.com/
Ustad Hotel,2012,2h 31m,8.2,"Faisi wants to go to UK to become a professional chef but circumstances force him to assist his grandfather in a small restaurant in Kozhikode city, changing his outlook on life forever.",Hotstar,https://www.hotstar.com/
Theeran Adhigaram Ondru,2017,2h 37m,8.2,"Theeran, a police officer, is entrusted with the task to solve the mystery behind a series of murders. The only clue left behind is that all the murders are committed in the same pattern.",Prime Video,https://www.primevideo.com/detail/amzn1.dv.gti.b0b4dfce-4be1-4d58-d8c3-0c3e457e4480
Baahubali 2: The Conclusion,2017,2h 47m,8.2,"When Shiva, the son of Bahubali, learns about his heritage, he begins to look for answers. His story is juxtaposed with past events that unfolded in the Mahishmati Kingdom.",Hotstar,https://www.hotstar.com/
Rang De Basanti,2006,2h 47m,8.1,"The story of six young Indians who assist an English woman to film a documentary on the freedom fighters from their past, and the events that lead them to relive the long-forgotten saga of freedom.",Netflix,https://www.netflix.com/watch/70047320?source=imdb
Angoor,1982,2h 11m,8.3,"Based on Shakespeare's 'A Comedy of Errors', this is a story of identical twins (2 pairs) and mistaken identities.",Prime Video,https://www.primevideo.com/detail/amzn1.dv.gti.56b896ad-5128-6dad-491a-29997a0e8f19
Jana Gana Mana,2022,2h 42m,8.3,"As a college professor's brutal murder sparks student unrest, a cop launches an investigation while a lawyer seeks justice in the the courtroom.",Netflix,https://www.netflix.com/watch/81609577?source=imdb
Kahaani,2012,2h 2m,8.1,"A pregnant woman's search for her missing husband takes her from London to Kolkata, but everyone she questions denies having ever met him.",N/A,N/A
Masaan,2015,1h 49m,8.1,"Along India's Ganges River, four people face prejudice, a strict moral code and a punishing caste system as they confront personal tragedies.",Prime Video,https://www.primevideo.com/detail/amzn1.dv.gti.6bf05b79-1c3c-484e-af1e-034b6ae42299
Maheshinte Prathikaaram,2016,2h,8.3,"Mahesh, a studio photographer and studio owner gets into a fight and loses. He ends up taking revenge which leads to certain realizations in his life.",N/A,N/A
A Wednesday,2008,1h 44m,8.1,A retiring police officer reminisces about the most astounding day of his career. About a case that was never filed but continues to haunt him in his memories - the case of a man and a Wednesday.,Netflix,https://www.netflix.com/watch/70107499?source=imdb
Virumandi,2004,2h 55m,8.4,A temperamental farmer gets embroiled in a bloody clan feud in a southern Tamil Nadu village.,Prime Video,https://www.primevideo.com/detail/amzn1.dv.gti.38bb7918-78a9-b717-6e71-8d09a56a4ecf
Dil Chahta Hai,2001,3h 3m,8.1,"Three inseparable childhood friends are just out of college. Nothing comes between them - until they each fall in love, and their wildly different approaches to relationships creates tension.",Netflix,https://www.netflix.com/watch/60021525?source=imdb
Shershaah,2021,2h 15m,8.4,"Shershaah is the story of PVC awardee Indian soldier Capt. Vikram Batra, whose bravery and unflinching courage in chasing the Pakistani soldiers out of Indian territory contributed immensely in India finally winning the Kargil War in 1999.",Prime Video,https://www.primevideo.com/detail/amzn1.dv.gti.42ab3f0a-f516-40b8-a5dd-c5b37f52b0ac
Baasha,1995,2h 25m,8.3,"An auto driver, Manikam, desperately tries to hide his dark underworld side to keep his promise to his father.",SunNxt,https://www.sunnxt.com/
"Carry On, Munna Bhai",2006,2h 24m,8.0,Munna Bhai embarks on a journey with Mahatma Gandhi in order to fight against a corrupt property dealer.,Prime Video,https://www.primevideo.com/detail/amzn1.dv.gti.98b5f310-b7e6-83e7-a09f-d6281dbbf83e
Iqbal,2005,2h 12m,8.1,"Iqbal, the deaf and mute son of a farmer, has a passion for the game of cricket and seeks the tutelage of a washed-up, alcoholic ex-player.",Prime Video,https://www.primevideo.com/detail/amzn1.dv.gti.85baf079-c31c-493a-82f3-4e35fb2eaedc
Kantara,2022,2h 28m,8.3,It involves culture of Kambala and Bhootha Kola. A human and nature conflict where Shiva is a rebel who defends his village and nature. A death leads to war between villagers and evil forces. Will he be able to regain peace in the village?,Prime Video,https://www.primevideo.com/detail/amzn1.dv.gti.63d1b1bd-3a4f-4f26-bb67-a82454b11929
Pink,2016,2h 16m,8.1,"When three young women are implicated in a crime, a retired lawyer steps forward to help them clear their names.",Prime Video,https://www.primevideo.com/detail/amzn1.dv.gti.d6ba3dea-5888-25a3-3116-f1ce1af991dd
Roja,1992,2h 17m,8.1,"A woman from a village in Tamil Nadu marries a sophisticated city dweller and moves with him to Kashmir, where all is rosy - until he gets kidnapped by militants.",Prime Video,https://www.primevideo.com/detail/amzn1.dv.gti.a6b3e7b5-6510-2585-e695-0fb26cf33f98
Pithamagan,2003,2h 19m,8.3,"Chittan, a social outcast, has grown up in a cemetery. A drug dealer finds him a job in a cannabis farm. In prison, he meets a conman, Shakti. This friendship transforms him from his stony existence.",SunNxt,https://www.sunnxt.com/
Anand,1971,2h 2m,8.1,"The story of a terminally ill man who wishes to live life to the fullest before the inevitable occurs, as told by his best friend.",Prime Video,https://www.primevideo.com/detail/amzn1.dv.gti.72b9da2c-22ec-6463-a9ef-149bc66c3e31
Nil Battey Sannata,2015,1h 40m,8.2,A story about a single woman (a Mom) and dreams on her Daughter.,MX Player,https://www.mxplayer.in/
Kaun Pravin Tambe?,2022,2h 14m,8.4,"An indian cricketer who shows persistence and hardwork to achieve his ultimate goal of playing a Ranji Trophy. At the penultimate stage of the career at a age when it is believed people's career ends, he starts a new chapter of his life.",Hotstar,https://www.hotstar.com/
Lucia,2013,2h 15m,8.3,"A man suffering from insomnia is tricked into buying a drug, Lucia, that makes his desires come true in his dreams, blurring the line between fantasy and reality.",SunNxt,https://www.sunnxt.com/
Charulata,1964,1h 57m,8.1,"The lonely wife of a newspaper editor falls in love with her visiting cousin-in-law, who shares her love for literature.",N/A,N/A
Bajrangi Bhaijaan,2015,2h 43m,8.1,An Indian man with a magnanimous heart takes a young mute Pakistani girl back to her homeland to reunite her with her family.,Hotstar,https://www.hotstar.com/
Omkara,2006,2h 35m,8.1,A politically-minded enforcer's misguided trust in his lieutenant leads him to suspect his wife of infidelity in this adaptation of Shakespeare's 'Othello'.,MX Player,https://www.mxplayer.in/
A Northern Story of Valor,1989,2h 48m,8.7,The film offers an alternative version of the fight between two legendary Chekavars from Chanthu's perspective.,N/A,N/A
Bommarillu,2006,2h 50m,8.2,A young man realizes that he has to push back against his domineering father if he wants to find true happiness and love.,N/A,N/A
Section 375,2019,2h 4m,8.1,"A celebrated Bollywood director Rohan Khurana stands accused by a female member of his crew, Anjali Dangle of having raped her at his residence.",Prime Video,https://www.primevideo.com/detail/amzn1.dv.gti.38b6e9b9-0d21-924b-210d-94e1c28ca892
Alai Payuthey,2000,2h 36m,8.3,"After a difficult romance in a class-divided society, the love birds find out marriage is not what they thought it would be.",Prime Video,https://www.primevideo.com/detail/amzn1.dv.gti.50b4279b-5e04-5981-b04e-905807ba930e
Bombay,1995,2h 10m,8.1,"A Hindu man and a Muslim woman fall in love in a small village and move to Mumbai, where they have two children. However, growing religious tensions and erupting riots threaten to tear the family apart.",Prime Video,https://www.primevideo.com/detail/amzn1.dv.gti.42b4279b-8e78-6b68-323d-9c69829d981d
K.G.F: Chapter 1,2018,2h 36m,8.2,"In the 1970s, a gangster goes undercover as a slave to assassinate the owner of a notorious gold mine.",Prime Video,https://www.primevideo.com/detail/amzn1.dv.gti.dcb44c43-cc1f-f6c6-32b6-589b6c2c6580
Rangasthalam 1985,2018,2h 50m,8.2,Chitti Babu begins to suspect his elder brother's life is in danger after they team up to lock horns with their village president and overthrow his unlawful 30 year old regime.,Prime Video,https://www.primevideo.com/detail/amzn1.dv.gti.2cb18f0b-cd67-17ec-d3a0-859b54648f2f
Indian,1996,3h 5m,8.1,A veteran freedom fighter enraged with the rising crime and corruption in the society murders all the wrong doers one by one using an ancient martial arts technique.,Voot,https://www.voot.com/
Dilwale Dulhania Le Jayenge,1995,3h 1m,8.0,"When Raj meets Simran in Europe, it isn't love at first sight but when Simran moves to India for an arranged marriage, love makes its presence felt.",See Showtimes,/showtimes/title/tt0112870/2023-02-15
Haider,2014,2h 40m,8.0,"A young man returns to Kashmir after his father's disappearance to confront his uncle, whom he suspects of playing a role in his father's fate.",Netflix,https://www.netflix.com/watch/70303432?source=imdb
Mughal-E-Azam,1960,3h 17m,8.1,A 16th century prince falls in love with a court dancer and battles with his emperor father.,JioCinema,https://www.jiocinema.com/
Athadu,2005,2h 52m,8.2,"A gunman for hire is framed for murder, and assumes a dead man's identity while hiding from the police.",Prime Video,https://www.primevideo.com/detail/amzn1.dv.gti.2eb72262-0987-4af9-0850-c27c3e2d518a
The Great Indian Kitchen,2021,1h 40m,8.2,"After marriage, a woman struggles to be the submissive wife that her husband and his family expect her to be. The story follows her journey, as she changes herself and, even more so, changes the household.",N/A,N/A
Andaz Apna Apna,1994,2h 40m,8.0,Two slackers competing for the affections of an heiress inadvertently become her protectors from an evil criminal.,Prime Video,https://www.primevideo.com/detail/amzn1.dv.gti.f8b3c8ac-b2ec-6b0a-74f0-6732031303a4
Special 26,2013,2h 24m,8.0,A gang of con-men rob prominent rich businessmen and politicians by posing as C.B.I and income tax officers.,N/A,N/A
Maqbool,2003,2h 12m,8.0,The intrigue of the Shakespearean tragedy 'Macbeth' is transposed to the Mumbai underworld.,Prime Video,https://www.primevideo.com/detail/amzn1.dv.gti.90b862e8-e6a4-1fdf-d78d-67376458212d
Vaaranam Aayiram,2008,2h 49m,8.2,"A father and son help each other through growing up, romance, tragedy, and adventure.",SunNxt,https://www.sunnxt.com/
Thadam,2019,2h 18m,8.2,The murder of a youngster creates confusion among cops when they discover the suspect has a lookalike.,SunNxt,https://www.sunnxt.com/
Padaiyappa,1999,3h 1m,8.2,"The death of Padaiyappa's father destroys his family. But his luck changes, and he is able to lead a prosperous life, until his nemesis plots to ruin his happiness once more.",Voot,https://www.voot.com/
Gulaal,2009,2h 20m,8.0,"A law student witnesses deception, homicide, and crime after being elected as General Secretary of his college.",N/A,N/A
Maanaadu,2021,2h 27m,8.3,"On the day of a public conference by the state's Chief Minister, his bodyguard and a police officer are stuck in a time loop.",N/A,N/A
K.G.F: Chapter 2,2022,2h 48m,8.3,"In the blood-soaked Kolar Gold Fields, Rocky's name strikes fear into his foes. While his allies look up to him, the government sees him as a threat to law and order. Rocky must battle threats from all sides for unchallenged supremacy.",Prime Video,https://www.primevideo.com/detail/amzn1.dv.gti.81e77634-7c41-4e9e-a18c-9b30afed9a56
Pelli Choopulu,2016,2h 5m,8.2,A wannabe businesswoman and a happy-go-lucky guy meet each other during an arranged marriage blind date but eventually team up to start a food truck on their own.,SunNxt,https://www.sunnxt.com/
Ulidavaru Kandanthe,2014,2h 34m,8.4,"A journalist sets out to uncover the truth behind an incident, through the perspectives of different people, unraveling how they and their lives are intertwined with it.",SunNxt,https://www.sunnxt.com/
Deewaar,1975,2h 54m,8.0,"Vijay struggles as a dockworker and eventually becomes a leading figure of the underworld, while his younger brother Ravi is an educated, upright policeman. This divide causes problems in their relationship.",N/A,N/A
Company,2002,2h 22m,8.0,"A small-time gangster named Chandu teams up with Malik, a low-level enforcer for a criminal syndicate. Together they eliminate all their enemies, becoming the most feared gangsters in Mumbai.",N/A,N/A
Vaastav: The Reality,1999,2h 25m,8.0,Consequences force an innocent man to get involved in crime after making an error.,Prime Video,https://www.primevideo.com/detail/amzn1.dv.gti.d8b52384-f653-3eaf-c2fc-abc4ceda9cff
Ugly,2013,2h 8m,7.9,The case of a missing girl takes us through a journey of human greed and brushes upon the egos and repressed emotions of the characters.,Hotstar,https://www.hotstar.com/
Badhaai Ho,2018,2h 4m,7.9,A man is embarrassed when he finds out his mother is pregnant.,Hotstar,https://www.hotstar.com/
Naduvula Konjam Pakkatha Kaanom,2012,2h 35m,8.2,"A young man forgets a few years of his life, even as he is about to get married.",SunNxt,https://www.sunnxt.com/
Padosan,1968,2h 37m,8.1,A simple man from a village falls in love with his new neighbor. He enlists the help of his musical-theater friends to woo the lovely girl-next-door away from her music teacher.,Prime Video,https://www.primevideo.com/detail/amzn1.dv.gti.8ab3ff55-0321-d1cb-1eb3-6ab31f326674
Gully Boy,2019,2h 34m,7.9,A coming-of-age story based on the lives of street rappers in Mumbai.,Prime Video,https://www.primevideo.com/detail/amzn1.dv.gti.32b4b88c-7e89-63f2-8887-3e226184c036
Kshanam,2016,1h 50m,8.2,"Rishi, a non-resident Indian, returns to India to help his ex-lover find her kidnapped daughter.",SunNxt,https://www.sunnxt.com/
Evaru,2019,1h 58m,8.1,Sub-inspector Vikram Vasudev is entrusted with the task of investigating the murder of a high ranking officer who was killed by his alleged rape victim. When he delves deeper into the case he uncovers some surprising facts.,N/A,N/A
Aadukalam,2011,2h 40m,8.1,"In a village in South India, rearing roosters, maintaining them and using them for fights are a way of life and a matter of honor and lifeline to many people.",SunNxt,https://www.sunnxt.com/
My Name Is Khan,2010,2h 45m,7.9,An Indian Muslim man with Asperger's syndrome takes a challenge to speak to the President of the United States seriously and embarks on a cross-country journey.,N/A,N/A
Nayattu,2021,2h 4m,8.1,"Three police officers who are on a run for life, escaping the outbreak against them due to the unlawful arrest and torture of a civilian. It brings in a few shades of arrogant yet very much human police officers and their helplessness.",Netflix,https://www.netflix.com/watch/81457107?source=imdb
Dev.D,2009,2h 24m,7.9,"After breaking up with his childhood sweetheart, a young man finds solace in drugs. Meanwhile, a teenage girl is caught in the world of prostitution. Will they be destroyed, or will they find redemption?",Netflix,https://www.netflix.com/watch/70113305?source=imdb
Maanagaram,2017,2h 17m,8.1,Four youngsters arrive in a big city and their lives become interlinked.,Prime Video,https://www.primevideo.com/detail/amzn1.dv.gti.37f0fd09-c3dc-4d1e-a8c9-8b490acd3ffc
Major,2022,2h 30m,8.2,"Based on the life of Major Sandeep Unnikrishnan, who was martyred in action during the November 2008 Mumbai attacks and was consequently awarded the Ashoka Chakra, India's highest peacetime gallantry award, on 26 January 2009.",Netflix,https://www.netflix.com/watch/81242575?source=imdb
Thondi Muthalum Driksakshiyum,2017,2h 15m,8.1,"Prasad and Sreeja enter wedlock and move to a new place to continue the rest of their lives. Unfortunate events begin to take place after Prasad, a small-time thief, robs Sreeja's gold chain during a bus journey.",Hotstar,https://www.hotstar.com/
Pranchiyettan and the Saint,2010,2h 20m,8.3,Pranchiyettan is a successful businessman who often has talks with an imaginary St. Francis of Assisi. The story deals with how he goes about changing his embarrassing image to making a name for himself using wealth and contacts.,SunNxt,https://www.sunnxt.com/
Kal Ho Naa Ho,2003,3h 6m,7.9,"Naina, an introverted, perpetually depressed girl's life changes when she meets Aman. But Aman has a secret of his own which changes their lives forever. Embroiled in all this is Rohit, Naina's best friend who conceals his love for her.",Netflix,https://www.netflix.com/watch/60036735?source=imdb
Garuda Gamana Vrishabha Vahana,2021,2h 31m,8.4,"Set in the backdrop of the coastal and cultural city of modern-day Mangaluru, Hari and his soulmate Shiva rise together to great heights only to face off as bitter enemies resulting to their own downfall and destruction.",N/A,N/A
22 Shey Shraban,2011,2h 19m,8.1,An ex-cop is hired to track down a serial killer who carries out his killings according to Bengali poetry.,Hotstar,https://www.hotstar.com/
Take Off,2017,2h 19m,8.1,"In 2014, a group of Malayali nurses was captured when terrorists took over the city of Tikrit in Iraq. This movie recounts the ordeal suffered by the nurses following their capture.",N/A,N/A
Jab We Met,2007,2h 18m,7.9,A depressed wealthy businessman finds his life changing after he meets a spunky and care-free young woman.,Prime Video,https://www.primevideo.com/detail/amzn1.dv.gti.40b44d0c-4760-3773-5e98-b63d0c79b7e2
Manjhi: The Mountain Man,2015,2h,8.0,"Using only a hammer and a chisel, a man spends twenty-two years carving a road through a treacherous mountain.",Netflix,https://www.netflix.com/watch/80165852?source=imdb
Ayyappanum Koshiyum,2020,2h 57m,8.0,"The story revolves around the clash between Ayyappan, a senior police officer who serves at the Attappadi Police Station and Havildar Koshi, who comes to the village with a motive.",Prime Video,https://www.primevideo.com/detail/amzn1.dv.gti.deb84ff6-abdc-f9aa-0223-a2133e83c0aa
Ship of Theseus,2012,2h 20m,8.0,"The film explores questions of identity, justice, beauty, meaning and death through an experimental photographer, an ailing monk and a young stockbroker.",N/A,N/A
The Brawler,2017,2h 34m,8.0,A boxer struggles to make his mark in the boxing world.,MX Player,https://www.mxplayer.in/
Charlie,2015,2h 10m,8.0,"A young, nonconforming woman named Tessa gets entangled in a cat-and-mouse chase in the by-lanes of Kerala, hunting for a mysterious artist who previously lived in her apartment.",N/A,N/A
Border,1997,2h 56m,7.9,"In 1971, along the border region of Longewala, a small battalion of Indian soldiers goes up against a large Pakistani strike force.",N/A,N/A
Deiva Thirumagal,2011,2h 46m,8.2,"A man with disabilities fights for custody of his 7-year-old daughter, and in the process teaches his opponent lawyer the value of love and family.",MX Player,https://www.mxplayer.in/
Vedam,2010,2h 15m,8.1,"Stories of 5 people, an educated slum dweller, an aspiring rock star, an old villager, a prostitute and an ostracized Muslim man; all lead up to a night in a hospital filled with jeopardy.",SunNxt,https://www.sunnxt.com/
Dil Bechara,2020,1h 41m,8.4,"The emotional journey of two hopelessly-in-love youngsters; a young girl, Kizie, who is suffering from cancer; and Manny, a boy Kizie meets at a support group.",Hotstar,https://www.hotstar.com/
M.S. Dhoni: The Untold Story,2016,3h 4m,7.9,The untold story of Mahendra Singh Dhoni's journey from ticket collector to trophy collector - the world-cup-winning captain of the Indian Cricket Team.,Hotstar,https://www.hotstar.com/
Baahubali: The Beginning,2015,2h 39m,8.0,"In ancient India, an adventurous and daring man becomes involved in a decades-old feud between two warring peoples.",Hotstar,https://www.hotstar.com/
Salaam Bombay!,1988,1h 53m,7.9,"Young Krishna struggles to survive among the drug dealers, pimps, and prostitutes in the back alleys and gutters of India.",N/A,N/A
Arjun Reddy,2017,3h 2m,8.0,"Arjun Reddy, a short tempered house surgeon gets used to drugs and drinks when his girlfriend is forced to marry another person.",Prime Video,https://www.primevideo.com/detail/amzn1.dv.gti.9aaf83c0-fed8-d3b2-50b4-c88b9d5cb5ed
Karnan,2021,2h 38m,8.0,"Karnan, a fearless village youth, must fight for the rights of the conservative people of his village, due to the torture given by a police officer.",Prime Video,https://www.primevideo.com/detail/amzn1.dv.gti.30f01c7b-c9ce-429d-a550-9decb071f906
Pad Man,2018,2h 20m,7.9,"Upon realizing the extent to which women are affected by their menses, a man sets out to create a sanitary pad machine and to provide inexpensive sanitary pads to the women of rural India.",Netflix,https://www.netflix.com/watch/81016191?source=imdb
Ankhon Dekhi,2013,1h 47m,7.9,"After a distressing incident, a Delhi man vows to believe only what he can see, but his new ideals soon take his life in extreme directions.",Prime Video,https://www.primevideo.com/detail/amzn1.dv.gti.f8b3bae8-3152-db62-916f-820efb171a98
Baby,2015,2h 39m,7.9,"An elite counter-intelligence unit learns of a plot, masterminded by a maniacal madman. With the clock ticking, it's up to them to track the terrorists' international tentacles and prevent them from striking at the heart of India.",N/A,N/A
Love Today,2022,2h 34m,8.2,"Two young lovers, who are made to exchange their phones for a day and what happens due to that.",Netflix,https://www.netflix.com/watch/81642992?source=imdb
The Music Room,1958,1h 35m,7.9,"Depicts the end days of a decadent zamindar (landlord) in Bengal, and his efforts to uphold his family prestige even when faced with economic adversity.",Prime Video,https://www.primevideo.com/detail/amzn1.dv.gti.1117b6fc-44ee-44ef-8a9a-7b4b4270ae0e
Kirik Party,2016,2h 39m,8.3,"Kirik Party is the story of a gang of mischievous students, lead by the protagonist Karna (Rakshit Shetty), who has just joined an engineering college.",Voot,https://www.voot.com/
Vinnaithaandi Varuvaayaa,2010,2h 37m,8.1,An aspiring filmmaker goes through the ups and downs of romance when he falls for a Christian woman who says she only wants to be friends.,N/A,N/A
Super 30,2019,2h 34m,7.9,Based on the life of Patna-based mathematician Anand Kumar who runs the famed Super 30 program for IIT aspirants in Patna.,Hotstar,https://www.hotstar.com/
The Tashkent Files,2019,2h 14m,8.1,"Revolves around the mysterious death of India's 2nd Prime Minister Shri Lal Bahadur Shastri and attempts to uncover if he had actually died a natural death, or, as alleged, was assassinated.",N/A,N/A
Malik,2021,2h 42m,8.0,"A past ridden with crime, death and pain is recounted to Freddy, a juvenile criminal, who has been assigned to eliminate his estranged uncle Sulaiman, an aging patriarch, while behind bars.",Prime Video,https://www.primevideo.com/detail/amzn1.dv.gti.b2bcbf9c-a3c8-4bd5-b71b-9d5ad0867b6e
Hindi Medium,2017,2h 12m,7.8,A couple from Chandni Chowk aspire to give their daughter the best education and thus be a part of and accepted by the elite of Delhi.,Prime Video,https://www.primevideo.com/detail/amzn1.dv.gti.eaae351a-6339-707a-f200-8dbd1d332dea
Pizza,2012,2h 7m,7.9,A pizza delivery boy lands in a mysterious circumstance and it works a dramatic change in his life.,Hotstar,https://www.hotstar.com/
Android Kunjappan Ver 5.25,2019,2h 20m,8.0,"Story of a conventional, conservative small town villager and his son who has to move away from home due to his profession. Their relationship gets an endearing twist when an AI humanoid enters their lives and fills in their emptiness.",Prime Video,https://www.primevideo.com/detail/amzn1.dv.gti.12b78d12-d5b1-17dd-1c40-641f4fd88ed4
Hridayam,2022,2h 52m,8.1,"The emotional journey of Arun, his carefree bachelor days in engineering college, and how he matures through various phases of life.",Hotstar,https://www.hotstar.com/
English Vinglish,2012,2h 14m,7.8,"A quiet, sweet tempered housewife endures small slights from her well-educated husband and daughter every day because of her inability to speak and understand English.",MX Player,https://www.mxplayer.in/
Lakshya,2004,3h 6m,7.8,"An aimless, jobless, irresponsible grown man joins the army and matures into a battlefield hero.",Netflix,https://www.netflix.com/watch/70001237?source=imdb
Johnny Gaddaar,2007,2h 15m,7.9,"Police officers recount a tale of missing money which results in lies, deceit, betrayal and death.",Prime Video,https://www.primevideo.com/detail/amzn1.dv.gti.f4b9b862-ee34-b916-1171-4b9ecbe3d12f
Memories,2013,2h 12m,8.0,"Sam Alex, a drunkard ex-cop, is forced to investigate a series of murders which are committed in the same pattern. His search leads to a serial killer, and something more than what he expected.",N/A,N/A
Dor,2006,2h 27m,8.0,"Two woman --different backgrounds, miles apart, and strangers to each other-- are linked by tragedy. Their new-found friendship is tested as one holds the fate of the other's husband in her hands.",MX Player,https://www.mxplayer.in/
Hey Ram,2000,3h 6m,7.9,Saketh Ram's wife is raped and killed during direct action day riots in Calcutta. He is convinced that Mahatma Gandhi is responsible for all the problems happening in the country and sets out to kill him.,Prime Video,https://www.primevideo.com/detail/amzn1.dv.gti.52b72120-4b90-e3d2-3497-78bb5c9a1103
Joseph,2018,2h 18m,8.0,"The story develops through the life of four retired policemen. It has the tone of a thriller investigation. An issue affecting the life of Joseph, the central character, and his family is being investigated.",Prime Video,https://www.primevideo.com/detail/amzn1.dv.gti.ceb646fc-331d-c4da-caa2-a356417b14d0
Airlift,2016,2h 10m,7.9,"When Iraq invades Kuwait in August 1990, a callous Indian businessman becomes the spokesperson for more than 170,000 stranded countrymen.",Voot,https://www.voot.com/
RRR,2022,3h 7m,7.9,A fictitious story about two legendary revolutionaries and their journey away from home before they started fighting for their country in the 1920s.,Hotstar,https://www.hotstar.com/
Anjaam Pathiraa,2020,2h 24m,7.9,"The police are on the trail of a serial killer, but with the victims being fellow officers, will they be able to catch the killer and solve the case in time?",SunNxt,https://www.sunnxt.com/
Kaakha..Kaakha: The Police,2003,2h 33m,8.0,"After a police team kills his brother, a drug-dealing gangster vows to kill the entire team and their respective families.",N/A,N/A
Gangaajal,2003,2h 37m,7.8,"An IPS officer motivates and leads a dysfunctional, corrupt police force of Tezpur to fight against the corrupt politician.",N/A,N/A
Okkadu,2003,2h 51m,8.0,A Kabbadi player rescues a young woman from an unwanted marriage and hides her in his home.,Hotstar,https://www.hotstar.com/
Pokiri,2006,2h 44m,8.0,A money-minded criminal has to deal with two rival gangs as well as an evil cop threatening his girlfriend.,Hotstar,https://www.hotstar.com/
Thuppakki,2012,2h 45m,8.1,An army captain is on a mission to track down and destroy a terrorist gang and deactivate the sleeper cells under its command.,Hotstar,https://www.hotstar.com/
The Lunchbox,2013,1h 44m,7.8,A mistaken delivery in Mumbai's famously efficient lunchbox delivery system connects a young housewife to an older man in the dusk of his life as they build a fantasy world together through notes in the lunchbox.,N/A,N/A
Vettaiyaadu Vilaiyaadu,2006,2h 54m,7.9,"A Police Officer investigates a series of brutal rapes and murders, with the culprits seeming to cover more than one country.",Prime Video,https://www.primevideo.com/detail/amzn1.dv.gti.8ab65fde-55ea-8050-19d4-1c9c6f418119
Ab Tak Chhappan,2004,2h 9m,7.8,An honest encounter specialist's life begins to change with the arrival of a new police commissioner who has ties with a local don.,Prime Video,https://www.primevideo.com/detail/amzn1.dv.gti.a8bbfdd5-f37d-bd95-7e6c-4ef949a5cee2
Mumbai Police,2013,2h 25m,7.9,"ACP Antony is the only one who knows the truth behind ACP Aaryan's murder. Antony meets with an accident, losing his memory and is unable to reveal the killer. He is forced to investigate the murder again hoping that he remembers something.",Hotstar,https://www.hotstar.com/
Ghilli,2004,2h 40m,8.1,"Velu, an aspiring kabaddi player, goes to Madurai to participate in a regional match, where he rescues Dhanalakshmi from Muthupandi, a powerful man keen on marrying the girl against her will.",SunNxt,https://www.sunnxt.com/
Manam,2014,2h 43m,7.9,"Through reincarnation, family members are able to cross generations and meddle in each others' lives.",Hotstar,https://www.hotstar.com/
Unnaipol Oruvan,2009,1h 46m,8.0,A retiring police officer remembers a thrilling case of his life which is not recorded in any case files.,N/A,N/A
RangiTaranga,2015,2h 29m,8.2,"Mysterious events begin to unfold after a reclusive novelist and his wife move back to her ancestral village, followed by a journalist.",MX Player,https://www.mxplayer.in/
Veer-Zaara,2004,3h 12m,7.8,"""Veer-Zaara"" is a saga of love, separation, courage, and sacrifice. A love story that is an inspiration and will remain a legend forever.",Prime Video,https://www.primevideo.com/detail/amzn1.dv.gti.dcabea89-68d3-de65-1b0b-ca0ccd78b84f
Angamaly Diaries,2017,2h 12m,7.9,"Vincent Pepe who wanted to be a powerful leader of a righteous gang that ruled the city, like his seniors. And then there's the rival clan with the malicious gangsters of Angamaly a locale on which the film is based.",Netflix,https://www.netflix.com/watch/80182447?source=imdb
Vicky Donor,2012,2h 6m,7.8,"A man is brought in by an infertility doctor to supply him with his sperm, where he becomes the biggest sperm donor for his clinic.",MX Player,https://www.mxplayer.in/
Kaththi,2014,2h 46m,8.1,A case of mistaken identity embroils an escaped convict in a fight against a large corporation intent on seizing a village's land.,N/A,N/A
Oopiri,2016,2h 38m,8.0,"Impressed by his carefree attitude, quadriplegic multi-billionaire Vikram hires a convict out on parole as his caretaker. What follows is a string of life lessons they learn from each other.",SunNxt,https://www.sunnxt.com/
Mother India,1957,2h 52m,7.8,"In this melodrama, a poverty-stricken woman raises her sons through many trials and tribulations. But no matter the struggles, she always sticks to her own moral code.",MX Player,https://www.mxplayer.in/
Secret Superstar,2017,2h 30m,7.8,A talented teenage singer-songwriter living amid domestic abuse becomes a YouTube sensation after a video in which she hides her identity goes viral.,Netflix,https://www.netflix.com/watch/80245408?source=imdb
Stanley Ka Dabba,2011,1h 36m,7.8,"A school-teacher, who forces children to share their food with him, forbids one from entering the school until he brings his own Tiffin/Lunch-box.",Hotstar,https://www.hotstar.com/
Thulladha Manamum Thullum,1999,2h 50m,8.3,"Kutty is a good-hearted soul, but unfortunate incidents tend to portray his ruffian side whenever he encounters the girl he loves. A bizarre incident brings them closer and yet keeps them apart.",SunNxt,https://www.sunnxt.com/
Nayak: The Real Hero,2001,3h 7m,7.8,"A man accepts a challenge by the chief minister of Maharashtra to run the state for one day, and makes such a success of it that soon he is embroiled in political intrigue.",Prime Video,https://www.primevideo.com/detail/amzn1.dv.gti.a0b61f6d-8a55-dad7-9892-f21cb5c6f4d5
Rock On!!,2008,2h 25m,7.7,Four friends reunite to relive their moments of glory as a rock band.,Netflix,https://www.netflix.com/watch/70110883?source=imdb
Udta Punjab,2016,2h 28m,7.7,A story that revolves around drug abuse in the affluent north Indian State of Punjab and how the youth there have succumbed to it en-masse resulting in a socio-economic decline.,N/A,N/A
Mimi,2021,2h 12m,7.9,Mimi is introduced by Bhanu to an American couple as a surrogate in exchange for Rs 2 million. She decides to have the baby even when they change their mind and tells her parent that Bhanu is the father.,Netflix,https://www.netflix.com/watch/81267360?source=imdb
Sonchiriya,2019,2h 23m,7.9,"Set in the Chambal valley, the film follows the story of a legion of dreaded, warring dacoits who once terrorized the Indian heartlands.",N/A,N/A
Oru CBI Diary Kurippu,1988,2h 17m,7.8,"Prabhakara Varma is called upon to investigate the death of Omana, the daughter-in-law of a local businessman. It looks like a suicide but, Varma is sure that is not so.",Hotstar,https://www.hotstar.com/
Ayirathil Oruvan,2010,3h 3m,8.0,"Anitha, a government official, embarks on a journey to find Chandramouli, an archaeologist, who went to Vietnam to search for any existence of the prince of the Chola dynasty.",SunNxt,https://www.sunnxt.com/
Badla,2019,1h 58m,7.8,A dynamic young entrepreneur finds herself locked in a hotel room with the corpse of her dead lover. She hires a prestigious lawyer to defend her and they work together to figure out what actually happened.,Netflix,https://www.netflix.com/watch/81112446?source=imdb
Happy Days,2007,2h 33m,7.9,A group of eight youngsters from an engineering college form an unbreakable friendship after going through various struggles.,Prime Video,https://www.primevideo.com/detail/amzn1.dv.gti.36b5eeea-2cb9-e047-3bdc-6c5cbdb5b3ba
Dasvidaniya,2008,1h 53m,7.8,"A man who loves to make ""to-do lists"" makes one last bucket list when he realizes he is about to die.",N/A,N/A
Raazi,2018,2h 18m,7.7,A Kashmiri woman agrees to marry a Pakistani army officer in order to spy on Pakistan during the Indo-Pakistan War of 1971.,Prime Video,https://www.primevideo.com/detail/amzn1.dv.gti.d8b20b27-afaa-29cf-4f42-7c491f05dd77
Kai Po Che,2013,2h,7.8,Three friends growing up in India at the turn of the millennium set out to open a training academy to produce the country's next cricket stars.,Netflix,https://www.netflix.com/watch/70254346?source=imdb
Dia,2020,2h 17m,8.0,"Dia takes three years to confess her feelings to Rohith but after a terrible accident, she is told he does not survive. Later, when she starts seeing Adi, she finds out that Rohith is still alive.",Prime Video,https://www.primevideo.com/detail/amzn1.dv.gti.2cb83b95-aa77-23a5-222f-e4a5a9529a4e
Poove Unakkaga,1996,2h 30m,8.6,"When a man realizes that the Hindu woman he loves is in love with a Christian man, he decides to sacrifice his love and unite their families so as to make the love story a success.",SunNxt,https://www.sunnxt.com/
Minnal Murali,2021,2h 38m,7.8,"An unusual event creates a lightning which in turns gives superhuman abilies to an ambitious tailor ,whose responsibility is now to protect his home village from the evil plans of the antagonist.",Netflix,https://www.netflix.com/watch/81497215?source=imdb
Thiruchitrambalam,2022,2h 11m,7.9,"Thiruchitrambalam lives with his father and grandfather. He blames the former for the loss of his mother and sister and is not on good terms with the latter. Meanwhile, his love life is not so successful.",SunNxt,https://www.sunnxt.com/
Goodachari,2018,2h 27m,7.8,"A young NSA agent is framed for the murder of his bosses making him realize that now his mission is darker than expected and has some personal scores to settle regarding his father's death, a former NSA agent.",Prime Video,https://www.primevideo.com/detail/amzn1.dv.gti.4eb2d44b-94c3-e011-99ce-780c4adc2c50
Joji,2021,1h 53m,7.8,"Joji, an engineering dropout and the youngest son of a rich family lives with his aspirations of becoming super wealthy. Driven by greed and blind ambition, he decides to execute his plans following an unexpected event in the family.",Prime Video,https://www.primevideo.com/detail/amzn1.dv.gti.1cbc43f6-1e93-6b23-edd3-6b60891ce7be
